action,actor_type,size_kb,rep,gas_used,gas_floor,ratio
baseline_tick,direct_eoa,,0,26149,,
baseline_tick,direct_eoa,,1,26149,,
baseline_tick,direct_eoa,,2,26149,,
create,direct_eoa,1,0,558703,26149,21.366132548089794
create,direct_eoa,1,1,558703,26149,21.366132548089794
create,direct_eoa,1,2,558703,26149,21.366132548089794
submit,direct_eoa,1,0,355252,26149,13.58568205285097
submit,direct_eoa,1,1,355252,26149,13.58568205285097
submit,direct_eoa,1,2,355252,26149,13.58568205285097
validate,direct_eoa,1,0,324458,26149,12.408046196795288
validate,direct_eoa,1,1,324458,26149,12.408046196795288
validate,direct_eoa,1,2,324458,26149,12.408046196795288
request_revision,direct_eoa,1,0,348297,26149,13.31970629852002
request_revision,direct_eoa,1,1,348297,26149,13.31970629852002
request_revision,direct_eoa,1,2,348297,26149,13.31970629852002
revise,direct_eoa,1,0,573850,26149,21.9453898810662
revise,direct_eoa,1,1,573850,26149,21.9453898810662
revise,direct_eoa,1,2,573850,26149,21.9453898810662
publish,direct_eoa,1,0,583719,26149,22.322803931316685
publish,direct_eoa,1,1,583719,26149,22.322803931316685
publish,direct_eoa,1,2,583719,26149,22.322803931316685
deprecate,direct_eoa,1,0,350126,26149,13.389651611916326
deprecate,direct_eoa,1,1,350126,26149,13.389651611916326
deprecate,direct_eoa,1,2,350126,26149,13.389651611916326
challenge,direct_eoa,1,0,59715,26149,2.283643733986003
challenge,direct_eoa,1,1,59715,26149,2.283643733986003
challenge,direct_eoa,1,2,59715,26149,2.283643733986003
create_size,direct_eoa,1,0,1317734,26149,50.39328463803587
create_size,direct_eoa,1,1,1317734,26149,50.39328463803587
create_size,direct_eoa,1,2,1317734,26149,50.39328463803587
create_size,direct_eoa,10,0,7949877,26149,304.02221882289956
create_size,direct_eoa,10,1,7949877,26149,304.02221882289956
create_size,direct_eoa,10,2,7949877,26149,304.02221882289956
create_size,direct_eoa,100,0,0,26149,0.0
create_size,direct_eoa,100,1,0,26149,0.0
create_size,direct_eoa,100,2,0,26149,0.0
create_size,direct_eoa,250,0,0,26149,0.0
create_size,direct_eoa,250,1,0,26149,0.0
create_size,direct_eoa,250,2,0,26149,0.0
