{
  "success": {
    "addClaim": {
      "n": 4,
      "mean": 361693,
      "ci95": 15.276688122757498,
      "median": 361690.0,
      "p25": 361678.0,
      "p75": 361705.0,
      "p95": 361712.2,
      "std": 15.588457268119896,
      "min": 361678,
      "max": 361714,
      "cv": 4.309858711150035e-05
    },
    "submitForEvaluation": {
      "n": 64,
      "mean": 381898.3125,
      "ci95": 2.037368261653683,
      "median": 381894.0,
      "p25": 381894.0,
      "p75": 381906.0,
      "p95": 381906.0,
      "std": 8.315788823076257,
      "min": 381870,
      "max": 381906,
      "cv": 2.1774877109665828e-05
    },
    "rejectModelCard": {
      "n": 15,
      "mean": 424310.8,
      "ci95": 2158.532362775164,
      "median": 423170,
      "p25": 423164.0,
      "p75": 423182.0,
      "p95": 428308.39999999997,
      "std": 4265.285659835693,
      "min": 423158,
      "max": 440270,
      "cv": 0.010052267488444068
    },
    "requestRevision": {
      "n": 22,
      "mean": 446047.0909090909,
      "ci95": 3.675276097817902,
      "median": 446046.0,
      "p25": 446046.0,
      "p75": 446058.0,
      "p95": 446058.0,
      "std": 8.795190270871146,
      "min": 446034,
      "max": 446058,
      "cv": 1.9718075625032376e-05
    },
    "reviseModelCard": {
      "n": 22,
      "mean": 852396.8181818182,
      "ci95": 4.178043283636479,
      "median": 852399.0,
      "p25": 852387.0,
      "p75": 852399.0,
      "p95": 852411.0,
      "std": 9.998346970812742,
      "min": 852375,
      "max": 852411,
      "cv": 1.172968593681455e-05
    },
    "createModelCard": {
      "n": 293,
      "mean": 653457.8737201365,
      "ci95": 228.41467738415875,
      "median": 653345,
      "p25": 653333.0,
      "p75": 653345.0,
      "p95": 653345.0,
      "std": 1994.8109615824003,
      "min": 653309,
      "max": 687545,
      "cv": 0.003052700169065129
    },
    "validateModelCard": {
      "n": 27,
      "mean": 352713.55555555556,
      "ci95": 2.970684260376958,
      "median": 352710,
      "p25": 352710.0,
      "p75": 352722.0,
      "p95": 352722.0,
      "std": 7.875575620741934,
      "min": 352698,
      "max": 352722,
      "cv": 2.2328531174077488e-05
    },
    "publishModelCard": {
      "n": 19,
      "mean": 754097.7894736842,
      "ci95": 3433.5032016223026,
      "median": 752294,
      "p25": 752294.0,
      "p75": 752306.0,
      "p95": 755724.7999999999,
      "std": 7635.864019487233,
      "min": 752282,
      "max": 786494,
      "cv": 0.010125827347692686
    },
    "deprecateModelCard": {
      "n": 3,
      "mean": 423495,
      "ci95": 0.0,
      "median": 423495,
      "p25": 423495.0,
      "p75": 423495.0,
      "p95": 423495.0,
      "std": 0.0,
      "min": 423495,
      "max": 423495,
      "cv": 0.0
    },
    "unknown": {
      "n": 15,
      "mean": 851181.4,
      "ci95": 177164.88861737333,
      "median": 1090120,
      "p25": 356197.0,
      "p75": 1107232.0,
      "p95": 1107232.0,
      "std": 350079.9301774382,
      "min": 356173,
      "max": 1107232,
      "cv": 0.4112871007019634
    }
  },
  "revert": {
    "submitForEvaluation": {
      "n": 229,
      "mean": 30404.401746724892,
      "ci95": 1.0633456501532632,
      "median": 30400,
      "p25": 30400.0,
      "p75": 30412.0,
      "p95": 30412.0,
      "std": 8.209867133293454,
      "min": 30364,
      "max": 30412,
      "cv": 0.0002700223211653163
    },
    "requestRevision": {
      "n": 57,
      "mean": 53592.05263157895,
      "ci95": 582.6471710297461,
      "median": 53299,
      "p25": 53287.0,
      "p75": 53299.0,
      "p95": 53299.0,
      "std": 2244.331467068094,
      "min": 53275,
      "max": 70387,
      "cv": 0.04187806506492399
    },
    "reviseModelCard": {
      "n": 57,
      "mean": 56084.21052631579,
      "ci95": 2.7052541757685984,
      "median": 56084,
      "p25": 56072.0,
      "p75": 56096.0,
      "p95": 56096.0,
      "std": 10.420520985907016,
      "min": 56048,
      "max": 56096,
      "cv": 0.0001858013313928616
    },
    "rejectModelCard": {
      "n": 69,
      "mean": 52924.95652173913,
      "ci95": 481.777557296063,
      "median": 52674,
      "p25": 52674.0,
      "p75": 52686.0,
      "p95": 52686.0,
      "std": 2041.808650027478,
      "min": 52650,
      "max": 69762,
      "cv": 0.038579316530733425
    },
    "validateModelCard": {
      "n": 103,
      "mean": 50562.611650485436,
      "ci95": 1.7341022544042133,
      "median": 50559,
      "p25": 50559.0,
      "p75": 50571.0,
      "p95": 50571.0,
      "std": 8.979191705474653,
      "min": 50535,
      "max": 50571,
      "cv": 0.00017758559956402976
    },
    "publishModelCard": {
      "n": 81,
      "mean": 50481.22222222222,
      "ci95": 411.1449857058781,
      "median": 50267,
      "p25": 50267.0,
      "p75": 50279.0,
      "p95": 50279.0,
      "std": 1887.9106486494404,
      "min": 50231,
      "max": 67367,
      "cv": 0.03739827534956885
    },
    "deprecateModelCard": {
      "n": 87,
      "mean": 49883.471264367814,
      "ci95": 1628.6720198336873,
      "median": 52833,
      "p25": 52821.0,
      "p75": 52833.0,
      "p95": 52845.0,
      "std": 7750.633307218667,
      "min": 31709,
      "max": 69933,
      "cv": 0.15537477867453484
    },
    "createModelCard": {
      "n": 57,
      "mean": 32474.57894736842,
      "ci95": 2.073988194320143,
      "median": 32479,
      "p25": 32467.0,
      "p75": 32479.0,
      "p95": 32479.0,
      "std": 7.988911983583274,
      "min": 32455,
      "max": 32479,
      "cv": 0.00024600509821946917
    }
  }
}