{
  "success": {
    "addClaim": {
      "n": 4,
      "mean": 361690,
      "ci95": 11.76,
      "median": 361690.0,
      "p25": 361678.0,
      "p75": 361702.0,
      "p95": 361702.0,
      "std": 12.0,
      "min": 361678,
      "max": 361702,
      "cv": 3.31775830130775e-05
    },
    "validateModelCard": {
      "n": 62,
      "mean": 352995.67741935485,
      "ci95": 536.2732710772317,
      "median": 352722.0,
      "p25": 352722.0,
      "p75": 352722.0,
      "p95": 352722.0,
      "std": 2154.397938308262,
      "min": 352698,
      "max": 369822,
      "cv": 0.0061031850419767655
    },
    "publishModelCard": {
      "n": 58,
      "mean": 752891.1034482758,
      "ci95": 1145.4650205007708,
      "median": 752306.0,
      "p25": 752294.0,
      "p75": 752306.0,
      "p95": 752306.0,
      "std": 4450.817192264093,
      "min": 752282,
      "max": 786494,
      "cv": 0.0059116347262959355
    },
    "submitForEvaluation": {
      "n": 27,
      "mean": 381903.3333333333,
      "ci95": 2.5644816737781597,
      "median": 381906,
      "p25": 381906.0,
      "p75": 381906.0,
      "p95": 381906.0,
      "std": 6.79869268479038,
      "min": 381882,
      "max": 381906,
      "cv": 1.7802129731233158e-05
    },
    "rejectModelCard": {
      "n": 9,
      "mean": 423179.3333333333,
      "ci95": 3.259399323589744,
      "median": 423182,
      "p25": 423182.0,
      "p75": 423182.0,
      "p95": 423182.0,
      "std": 4.988876515698588,
      "min": 423170,
      "max": 423182,
      "cv": 1.1789036284928663e-05
    },
    "createModelCard": {
      "n": 170,
      "mean": 653541.8705882353,
      "ci95": 393.195529252742,
      "median": 653345.0,
      "p25": 653333.0,
      "p75": 653345.0,
      "p95": 653345.0,
      "std": 2615.6339183871473,
      "min": 653321,
      "max": 687545,
      "cv": 0.0040022438287433465
    },
    "requestRevision": {
      "n": 8,
      "mean": 446055,
      "ci95": 3.6007499218912713,
      "median": 446058.0,
      "p25": 446055.0,
      "p75": 446058.0,
      "p95": 446058.0,
      "std": 5.196152422706632,
      "min": 446046,
      "max": 446058,
      "cv": 1.164912941836014e-05
    },
    "reviseModelCard": {
      "n": 3,
      "mean": 852399,
      "ci95": 11.087434329005063,
      "median": 852399,
      "p25": 852393.0,
      "p75": 852405.0,
      "p95": 852409.8,
      "std": 9.797958971132712,
      "min": 852387,
      "max": 852411,
      "cv": 1.1494568824145396e-05
    },
    "submitRevision": {
      "n": 5,
      "mean": 852461.4,
      "ci95": 4.207385506463604,
      "median": 852459,
      "p25": 852459.0,
      "p75": 852459.0,
      "p95": 852468.6,
      "std": 4.8,
      "min": 852459,
      "max": 852471,
      "cv": 5.630753486316213e-06
    },
    "deprecateModelCard": {
      "n": 1,
      "mean": 423507,
      "ci95": 0.0,
      "median": 423507,
      "p25": 423507.0,
      "p75": 423507.0,
      "p95": 423507.0,
      "std": 0.0,
      "min": 423507,
      "max": 423507,
      "cv": 0.0
    },
    "unknown": {
      "n": 15,
      "mean": 851181.4,
      "ci95": 177164.8886034957,
      "median": 1090120,
      "p25": 356197.0,
      "p75": 1107232.0,
      "p95": 1107232.0,
      "std": 350079.93015001586,
      "min": 356185,
      "max": 1107232,
      "cv": 0.4112871006697466
    }
  },
  "revert": {
    "submitForEvaluation": {
      "n": 143,
      "mean": 30409.398601398603,
      "ci95": 0.962985869878134,
      "median": 30412,
      "p25": 30412.0,
      "p75": 30412.0,
      "p95": 30412.0,
      "std": 5.87532455302298,
      "min": 30376,
      "max": 30412,
      "cv": 0.00019320752212287289
    },
    "rejectModelCard": {
      "n": 21,
      "mean": 53495.71428571428,
      "ci95": 1557.9756520134283,
      "median": 52686,
      "p25": 52674.0,
      "p75": 52686.0,
      "p95": 52686.0,
      "std": 3642.6231409437314,
      "min": 52674,
      "max": 69786,
      "cv": 0.06809186847172302
    },
    "requestRevision": {
      "n": 52,
      "mean": 53624.61538461538,
      "ci95": 637.9790071497406,
      "median": 53299.0,
      "p25": 53299.0,
      "p75": 53299.0,
      "p95": 53299.0,
      "std": 2347.210227497956,
      "min": 53275,
      "max": 70387,
      "cv": 0.04377113403355725
    },
    "submitRevision": {
      "n": 25,
      "mean": 56144.48,
      "ci95": 4.307179268895132,
      "median": 56144,
      "p25": 56144.0,
      "p75": 56156.0,
      "p95": 56156.0,
      "std": 10.987702216569213,
      "min": 56120,
      "max": 56156,
      "cv": 0.0001957040516996366
    },
    "reviseModelCard": {
      "n": 27,
      "mean": 56084,
      "ci95": 3.6958114430016877,
      "median": 56084,
      "p25": 56072.0,
      "p75": 56096.0,
      "p95": 56096.0,
      "std": 9.797958971132712,
      "min": 56072,
      "max": 56096,
      "cv": 0.00017470150080473417
    },
    "validateModelCard": {
      "n": 78,
      "mean": 50567.769230769234,
      "ci95": 1.3931649262046242,
      "median": 50571.0,
      "p25": 50571.0,
      "p75": 50571.0,
      "p95": 50571.0,
      "std": 6.2776017732625125,
      "min": 50547,
      "max": 50571,
      "cv": 0.0001241423513189652
    },
    "publishModelCard": {
      "n": 52,
      "mean": 50276.92307692308,
      "ci95": 1.233922218729886,
      "median": 50279.0,
      "p25": 50279.0,
      "p75": 50279.0,
      "p95": 50279.0,
      "std": 4.5397651322090775,
      "min": 50267,
      "max": 50279,
      "cv": 9.029520611798961e-05
    },
    "deprecateModelCard": {
      "n": 39,
      "mean": 50097.48717948718,
      "ci95": 2194.3270365006674,
      "median": 52833,
      "p25": 52584.0,
      "p75": 52845.0,
      "p95": 52845.0,
      "std": 6991.616301417426,
      "min": 31709,
      "max": 52845,
      "cv": 0.13956021938521898
    }
  }
}