{
  "success": {
    "addClaim": {
      "n": 4,
      "mean": 361690,
      "ci95": 14.402999687565087,
      "median": 361684.0,
      "p25": 361678.0,
      "p75": 361696.0,
      "p95": 361710.4,
      "std": 14.696938456699069,
      "min": 361678,
      "max": 361714,
      "cv": 4.063407464043537e-05
    },
    "submitForEvaluation": {
      "n": 37,
      "mean": 381904.0540540541,
      "ci95": 1.6850834192831359,
      "median": 381906,
      "p25": 381906.0,
      "p75": 381906.0,
      "p95": 381906.0,
      "std": 5.229572593490951,
      "min": 381882,
      "max": 381906,
      "cv": 1.3693419951888664e-05
    },
    "rejectModelCard": {
      "n": 12,
      "mean": 424603,
      "ci95": 2672.7321484703,
      "median": 423182.0,
      "p25": 423182.0,
      "p75": 423182.0,
      "p95": 430871.6,
      "std": 4723.783547115596,
      "min": 423158,
      "max": 440270,
      "cv": 0.011125177040943178
    },
    "requestRevision": {
      "n": 17,
      "mean": 446057.29411764705,
      "ci95": 1.3422206825540122,
      "median": 446058,
      "p25": 446058.0,
      "p75": 446058.0,
      "p95": 446058.0,
      "std": 2.823529411764706,
      "min": 446046,
      "max": 446058,
      "cv": 6.329970272877107e-06
    },
    "submitRevision": {
      "n": 9,
      "mean": 852463,
      "ci95": 5.226666666666667,
      "median": 852459,
      "p25": 852459.0,
      "p75": 852471.0,
      "p95": 852471.0,
      "std": 8.0,
      "min": 852447,
      "max": 852471,
      "cv": 9.384571529790735e-06
    },
    "validateModelCard": {
      "n": 25,
      "mean": 352719.6,
      "ci95": 1.8816,
      "median": 352722,
      "p25": 352722.0,
      "p75": 352722.0,
      "p95": 352722.0,
      "std": 4.8,
      "min": 352710,
      "max": 352722,
      "cv": 1.3608543443573876e-05
    },
    "publishModelCard": {
      "n": 24,
      "mean": 785818,
      "ci95": 10312.142392157577,
      "median": 799361.0,
      "p25": 752306.0,
      "p75": 799373.0,
      "p95": 799373.0,
      "std": 25774.986750724045,
      "min": 752306,
      "max": 850673,
      "cv": 0.03280019896556715
    },
    "reviseModelCard": {
      "n": 8,
      "mean": 852399,
      "ci95": 5.879999999999999,
      "median": 852399.0,
      "p25": 852396.0,
      "p75": 852402.0,
      "p95": 852411.0,
      "std": 8.48528137423857,
      "min": 852387,
      "max": 852411,
      "cv": 9.954588607258537e-06
    },
    "createModelCard": {
      "n": 8,
      "mean": 653343.5,
      "ci95": 2.750118179278847,
      "median": 653345.0,
      "p25": 653345.0,
      "p75": 653345.0,
      "p95": 653345.0,
      "std": 3.968626966596886,
      "min": 653333,
      "max": 653345,
      "cv": 6.074334506422558e-06
    },
    "deprecateModelCard": {
      "n": 8,
      "mean": 423501,
      "ci95": 4.157787873376899,
      "median": 423501.0,
      "p25": 423495.0,
      "p75": 423507.0,
      "p95": 423507.0,
      "std": 6.0,
      "min": 423495,
      "max": 423507,
      "cv": 1.4167617077645626e-05
    }
  },
  "revert": {}
}